"Timestamp","Username","Your Full Name","NSU Email","Department name","Degree name","Gender","Your Birthdate (Use  DD//MM/YY format)","In which semester did you enroll in NSU?","Your current status in NSU","How many Credits did you pass till now?","Your Current Courses with Section Number and Faculty Initials","Can you please upload a photo of yours which we can use in the student information interface? "
"2021/08/03 1:06:10 PM GMT+6","tanha.nijhum@northsouth.edu","Tanha ahmed","tanha.nijhum@northsouth.edu","Ece","Undergraduate","Female","06.01.2020","Fall 2021","Enrolled","35","","https://drive.google.com/u/0/open?usp=forms_web&id=1yh6eLifOG6qeLNjtHASaZwSXbGj75mqZ"
"2021/08/03 2:41:39 PM GMT+6","abdul.kader06@northsouth.edu","Md. Abdul Kader","abdul.kader06@northsouth.edu","ECE","B.Sc","Male","11//08/2000","203","Enrolled","31","CSE 215 - 11 - CFA
MAT 125 - 06 - AUR
MAT120 - 07 - APV
CHE 101 - 07 - SHTK","https://drive.google.com/u/0/open?usp=forms_web&id=1acTTwEErSyi0ICCKKtOL-nQY2AQR7vLd"
"2021/08/03 2:42:38 PM GMT+6","nandinidas756@gmail.com","Nandini Das","nandini.das@northsouth.edu","ECE","Bachelor of Science in Computer Science and Engineering","Female","25/01/2001","Fall 2020","Enrolled","22","CSE215     Section - 4       SfR1
CSE215L   Section - 4       SfR1
EEE154     Section -6        AKd1
MAT125    Section - 7       MS1
CHE101    Section - 12     PyN
CHE101L    Section - 9     AIq","https://drive.google.com/u/0/open?usp=forms_web&id=1n12B9GM04j0Fl7HacCvwHqvL4ao2XZAc"
"2021/08/03 3:28:31 PM GMT+6","nehamahjerin@gmail.com","Israt Mahjeerin ","israt.mahjeerin@northsouth.edu","ECE","Bsc","Female","28/12/2001","201","Enrolled","32","Cse215.4 - sfr1
Cse215L.4 - sfr1 
Mat130.13 - Ata
Eee154.5 - snf
Che101.7 - shtk
Che101L.9 - alq",""
"2021/08/03 4:26:09 PM GMT+6","zannatunnahartonima@gmail.com","Zannatun Nahar Tonima","zannatun.tonima@northsouth.edu","BMD","Bs in Microbiology","Female","23/03/2000","Summer 2020","Enrolled","24","Mic202 - 02 - Skk
Mat116 - 08 - Apv",""
"2021/08/04 7:57:28 AM GMT+6","absarachowdhury274@gmail.com","Absara Chowdhury","absara.chowdhury@northsouth.edu","CSE","BS in CSE","Female","31/07/2001","Fall-2020","Enrolled","22","CSE 215 - 04 - Sfr1
CSE 215L -04 - Sfr1
Eng 111- 18- Ssa3
Mat130 -02- HAR
Phy 107 - 09- Sis
phy 107L- 23- Jer ","https://drive.google.com/u/0/open?usp=forms_web&id=13Rw6XbFlJWC-vOR4KhgrwfAIim11YK8b"
"2021/08/04 8:09:56 AM GMT+6","mohammad.khan06@northsouth.edu","Mohammad Zaed Iqbal Khan","mohammad.khan06@northsouth.edu","ECE","BS in CSE","Male","30/10/2000","Fall 2020","Enrolled","36","CSE215-4-Sfr1
MAT130-2-HAr
PHY107-9-SIs
ENG111-18-SSA2","https://drive.google.com/u/0/open?usp=forms_web&id=1lojhbZ38e5GDxXeXjaKWVaqK6LrF7I2K"
"2021/08/04 9:18:30 AM GMT+6","nazifanahean123@gmail.com","Nazifa Nahian","nazifa.nahian@northsouth.edu","ECE","BS in CSE","Female","12/07/2002","Spring-2020","Enrolled","49","CHE101.16- SHTK
CSE231.10-ABH1
CSE231L.10-ABH1
MAT250.7-PNG
EEE141.13- SMMI
EEE141L.13- SMMI
HIS103.40-NIB","https://drive.google.com/u/0/open?usp=forms_web&id=1yV9L7J7JP7YpebsOTwsdNvktV8GLxRSc"
"2021/08/04 9:50:05 AM GMT+6","shamlica.trena@northsouth.edu","Shamlima Deb Trena","shamlica.trena@northsouth.edu","ECE","BS in CSE","Female","10/10/2001","Spring -2020","Enrolled","31","CSE215 - 15 - MAY 
CSE215L - 15 - MAY 
HIS102 - 13 - Fkh
PHY107 - 18 - AK","https://drive.google.com/u/0/open?usp=forms_web&id=1m6agZCHuyMPJQHm8XL1VmWGSvwvYHki2"
"2021/08/04 9:54:31 AM GMT+6","peris.marilyn5649@gmail.com","Marilyn Dip Peris","marilyn.peris@northsouth.edu","ECE","BS in CSE","Female","15/01/2001","Spring 2020","Enrolled","49","CSE231 - 10 - ABH1
EEE141  - 8   - SSH1
MAT250 - 8  - PNG
HIS102 - 10 - KFI","https://drive.google.com/u/0/open?usp=forms_web&id=13dil2HK9OfAPO47jjzxmZheeUe_VO_Yx"
"2021/08/04 9:57:21 AM GMT+6","antaralabiba28@northsouth.edu","Antara Labiba Swapnil ","antara.swapnil@northsouth.edu","ECE","Bs in CSE","Female","05/08/2020","Spring2020","Enrolled","49","Abh1-sec10-cse231 mat250-08-png his102-sec10-kfi EEE141-sec08-ssh1","https://drive.google.com/u/0/open?usp=forms_web&id=1Q5lFxDorh_qM-A-lzMCMofM2yqsdQBH9"
"2021/08/04 10:00:31 AM GMT+6","ummi.tonima@northsouth.edu","Ummi Salma Tonima","ummi.tonima@northsouth.edu","ECE","BS in EEE","Female","18/03/2001","Summer-2020","Enrolled","24","Cse115 - 15 -Tns1","https://drive.google.com/u/0/open?usp=forms_web&id=1lpoocJQc0sVIVCrO5dQUEBUexTKCMTFI"
"2021/08/04 10:24:29 AM GMT+6","siamantar1@gmail.com","Siam Shibly Antar ","siam.antar@northsouth.edu ","ECE","BS in CSE ","Male","01/02/1999","Fall -2019","Enrolled","91","CSE425- 6 -MMK1",""
"2021/08/04 11:34:31 AM GMT+6","shahidul.islam1@northsouth.edu","Md Shahidul Islam","shahidul.islam1@northsouth.edu","ECE","BS in CSE","Male","26/10/2002","Spring-2020","Enrolled","44","CSE225 - 12 - ALK1, CSE225L - 12 - ALK1, PHY108 - 9 - ZBM, PHY108L - 16 - RKS, HIS103, - 38 - MBK1, PHY107L - 19 - JER","https://drive.google.com/u/0/open?usp=forms_web&id=1VaWdZjKw8pVEPAWI7oydoRpf1YOmcT_l"
"2021/08/04 11:41:23 AM GMT+6","jareenanjum2002@gmail.com","Jareen Anjom","jareen.anjom@northsouth.edu","ECE","BS in CSE","Female","20/08/02","Spring-2021","Enrolled","13","CSE173 - 7 - ITN, MAT120 - 7 APV, MAT125 - 14 - AUR, SOC101 - 8 - AWO","https://drive.google.com/u/0/open?usp=forms_web&id=1ww2yboNncPFH2RpEwwD2_rVRN4Apmuiz"
"2021/08/04 11:56:50 AM GMT+6","redwantasnim@gmail.com","Redwan Ullah ","redwan.ullah01@northsouth.edu ","ECE","BS in CSE ","Male","23/09/1999","Fall-2020","Enrolled","19","Cse173- 3- Msk1","https://drive.google.com/u/0/open?usp=forms_web&id=1ZSWcNCuAgraW1NwXoO-f3nIsTayyB3Yb"
"2021/08/04 12:01:22 PM GMT+6","iffaat.mehnaz@northsouth.edu","Iffaat Ara Mehnaz","iffaat.mehnaz@northsouth.edu","ECE","BS in CSE","Female","10/07/2001","Fall-2020","Enrolled","19","ENG111.21(MNK), MAT120.6(MS1), HIS103.31(MAR2), CSE173.2(MSK1), EEE154.7(AKD1).","https://drive.google.com/u/0/open?usp=forms_web&id=109cJlgmv3943P3qL-QTkBKasm9YoL4rx"
"2021/08/04 12:38:23 PM GMT+6","rafat.nehal@northsouth.edu","Rafat Nawaz Nehal ","rafat.nehal@northsouth.edu","ECE, CSE","BS in CSE","Male","27/09/1998","5th","Enrolled","44","CSE 225 - 4 - KIH,  CSE 225L - 4 - KIH, MAT 250 - FDW, CHE 101 - 10 - FZD","https://drive.google.com/u/0/open?usp=forms_web&id=1QN18xIjO2QP3zvH3lZFfBk6AvSCADjLW"
"2021/08/04 12:44:27 PM GMT+6","shaan10002@gmail.com","Samir Khan Shaan","samir.khan@northsouth.edu","BBA","BBA General ","Male","20/01/1999","Spring 2020","Enrolled","52","Act202-23-KSR, Bus135-AZD-7, His101-15-ZRS, Eng105-22-SNU",""
"2021/08/04 12:50:50 PM GMT+6","mohammadbin.ashraf@northsouth.edu","Mohammad Iftekhar Bin Ashraf","mohammadbin.ashraf@northsouth.edu","ECE","ETE","Male","05/12/2000","Spring-2020","Enrolled","44","EEE 111-9-SFA, EEE-111 L-9-SFA,  MAT 250-2-UMM, CHE 101-15-Smd1
","https://drive.google.com/u/0/open?usp=forms_web&id=1OgKorWJliUCHjlypcNmtcl7E9gHDi5N_"
"2021/08/04 10:48:14 PM GMT+6","nafisatabassumpata100@gmail.com","Nafisa Tabassum Pata","nafisa.pata@northsouth.edu"," CSE","BS in CSE","Female","6.12 2002","Fall 2020","Enrolled","12","Cse115-11-Akm+lab
Mat125-7-Ms1
Che101-4-Mmr3",""
"2021/08/04 11:00:22 PM GMT+6","muhammadsakib125@gmail.com","Safikul Islam Sakib ","safikul.sakib@northsouth.edu ","ECE","BS in CSE","Male","19/08/2002","Spring-2021","Enrolled","7","CSE173 - 1 -MASK1
ENG103 - 37 - NnR
BEN205 -14 - NJA","https://drive.google.com/u/0/open?usp=forms_web&id=1qVVAkWB4_o5ky6v0S1D0fUhzM2CIL9-y"
"2021/08/04 11:04:54 PM GMT+6","ruthmihaque@gmail.com","Ashrafia Anjum Haque Ruthmi","ashrafia.haque@northsouth.edu","BBA","Not yet.","Female","23.12.1998","Summer-2019","Enrolled","48","Bus173.3 (AHAZ)
Eng105.27 (NSJ)
ACT201.11 (ASY)
Mgt314.9 (YUB)","https://drive.google.com/u/0/open?usp=forms_web&id=11qZOSt_dFTowVEZYXFEgfQwWqAyLLaOf"
"2021/08/04 11:06:05 PM GMT+6","sababashfak.fahim1999@gmail.com","Sabab Ashfak Fahim","sabab.fahim@northsouth.edu","ECE","BS in CSE","Male","26/10/2002","Fall-2020","Enrolled","20","CSE215-4-SfR1, CSE215L-4-SfR1, MAT125-19-MMH5, PHY107-5-HrR, PHY107L-3-NzM3",""
"2021/08/04 11:07:18 PM GMT+6","fahim.istiak@northsouth.edu","Fahim Istiak","fahim.istiak@northsouth.edu","ECE","BS in CSE","Male","24/08/1998","Spring - 2018","Enrolled","115","CSE 445 - 1 - SFM1
CSE 373 - 1 - SFM1
CSE 299 - 19 - KIH
BIO 103 - 1 - MJH1
EEE 141 - 10 - AYH","https://drive.google.com/u/0/open?usp=forms_web&id=1S1uOLqtGavzMCuunG19LSTe3gtGc9nKS"
"2021/08/04 11:58:51 PM GMT+6","onikabushrahossain@gmail.com","Bushra Hossain Onika","bushra.hossain@northsouth.edu","ECE","Bs in CSE","Female","06/05/2000","Fall-2020","Enrolled","24","CSE 215- 13 - ZHO
Mat130 - 1- Har
Soc101 - 18 - AAA
Ben205 - 25- SAP",""
"2021/08/05 12:06:21 AM GMT+6","sumit.bosu@northsouth.edu","Sumit Bosu","sumit.bosu@northsouth.edu","CSE","BS in CSE","Male","15/07/1999","Spring-2020","Enrolled","19","CSE 215
CSE215L
MAT125
CHE101
SOC101","https://drive.google.com/u/0/open?usp=forms_web&id=1mPsDkfsV2eLyHzx96UUoas5OAIrD83RV"
"2021/08/05 12:44:21 AM GMT+6","nanjiba.dristy@northsouth.edu","Nanjiba Rahman Dristy","nanjiba.dristy@northsouth.edu","ECE","BS in CSE","Female","12/12/2001","Spring 2020","Enrolled","43","CSE215.14- ZHO
CSE215L.14-ZHO
HIS102.7- AHO
SOC101.2-HMO","https://drive.google.com/u/0/open?usp=forms_web&id=1-tNyPCAeCNtr2jAT7VQa8JFuGUnGZx67"
"2021/08/05 10:01:54 AM GMT+6","nusrath.fatima@northsouth.edu","Nusrath Fatima","nusrath.fatima@northsouth.edu","BBA","Bachelor of Business Administration ","Female","29-06-2002 ","Spring 2020","Enrolled","39 ","Bus135- Azd - section 7 
Mgt351- Tmd - section 8
Inb372- Mem1 - section 21
His103-  Bdh - section 36 ","https://drive.google.com/u/0/open?usp=forms_web&id=1tfh1B-Z9kMn8dTTWAIGHCOKZ4LudN-pP"
"2021/08/05 12:42:32 PM GMT+6","labibsalehin@gmail.com","Sk Labib Salehin","sk.salehin@northsouth.edu","ECE","BS in CSE","Male","28/11/2002","Summer-2020","Enrolled","22","CSE215-3-SFR1 CSE215L-3-SFR1 MAT130-14-MMH5 ENG111-4-NSJ PHY107-6-HRR",""
"2021/08/05 6:44:19 PM GMT+6","kabirfizza@gmail.com","Fizanaz Kabir","fizanaz.kabir@northsouth.edu","ECE","BS in CSE","Female","03/01/2002","Summer-2021","Enrolled","00","N/A","https://drive.google.com/u/0/open?usp=forms_web&id=1omh1fADat-xW6BnhLIUrxEFsEeBLWhMt"